id,first_name,last_name,email_address,reporting_to_email_address
1,Garnet,Hagenes,Garnet.Hagenes@example.com,
2,Lavern,Hermann,Lavern.Hermann@example.com,
3,Walton,Schultz,Walton.Schultz@example.com,
4,Sydnie,Ritchie,Sydnie.Ritchie@example.com,
5,Madonna,Gerhold,Madonna.Gerhold@example.com,
6,Rachael,Kunde,Rachael.Kunde@example.com,
7,Destiny,Ruecker,Destiny.Ruecker@example.com,
8,Susanna,Keeling,Susanna.Keeling@example.com,
9,Harmon,Connelly,Harmon.Connelly@example.com,
10,Marcelina,Lynch,Marcelina.Lynch@example.com,
11,Dimitri,Bashirian,Dimitri.Bashirian@example.com,
12,Berry,Lehner,Berry.Lehner@example.com,
13,Jaclyn,Parisian,Jaclyn.Parisian@example.com,
14,Alisa,Dietrich,Alisa.Dietrich@example.com,
15,Freeman,Runte,Freeman.Runte@example.com,
16,Trinity,Corkery,Trinity.Corkery@example.com,
17,David,Connelly,David.Connelly@example.com,
18,Rosetta,Littel,Rosetta.Littel@example.com,
19,Al,Nitzsche,Al.Nitzsche@example.com,
20,Rico,Johns,Rico.Johns@example.com,
21,Jillian,Walker,Jillian.Walker@example.com,
22,Callie,Spinka,Callie.Spinka@example.com,
23,Isaiah,Bartoletti,Isaiah.Bartoletti@example.com,
24,Berneice,Feil,Berneice.Feil@example.com,
25,Eliane,Stoltenberg,Eliane.Stoltenberg@example.com,
26,Lily,Bradtke,Lily.Bradtke@example.com,
27,Jamison,Jakubowski,Jamison.Jakubowski@example.com,
28,Ryleigh,Runolfsson,Ryleigh.Runolfsson@example.com,
29,Aurelie,Keebler,Aurelie.Keebler@example.com,
30,Harley,Halvorson,Harley.Halvorson@example.com,
31,Morris,Fadel,Morris.Fadel@example.com,
32,Cara,Bogisich,Cara.Bogisich@example.com,
33,Gilbert,Lowe,Gilbert.Lowe@example.com,
34,Dereck,Tromp,Dereck.Tromp@example.com,
35,Roberta,Williamson,Roberta.Williamson@example.com,
36,Ramiro,Jerde,Ramiro.Jerde@example.com,
37,Rosemary,Ruecker,Rosemary.Ruecker@example.com,
38,Eliane,Hyatt,Eliane.Hyatt@example.com,
39,Blair,Kihn,Blair.Kihn@example.com,
40,Henry,Tillman,Henry.Tillman@example.com,
41,August,Johnson,August.Johnson@example.com,
42,Cielo,Stroman,Cielo.Stroman@example.com,
43,Mittie,Aufderhar,Mittie.Aufderhar@example.com,
44,Mathilde,Abshire,Mathilde.Abshire@example.com,
45,Dessie,Kreiger,Dessie.Kreiger@example.com,
46,Kiera,Bergnaum,Kiera.Bergnaum@example.com,
47,Ruby,Morissette,Ruby.Morissette@example.com,
48,Sanford,Nitzsche,Sanford.Nitzsche@example.com,
49,Stephanie,Balistreri,Stephanie.Balistreri@example.com,
50,Trevion,Gleason,Trevion.Gleason@example.com,
51,Francisco,McLaughlin,Francisco.McLaughlin@example.com,
52,Ivah,Kreiger,Ivah.Kreiger@example.com,
53,Dariana,Mosciski,Dariana.Mosciski@example.com,
54,Marian,Runte,Marian.Runte@example.com,
55,Wilford,Reichel,Wilford.Reichel@example.com,
56,Laura,Zulauf,Laura.Zulauf@example.com,
57,Santos,Stoltenberg,Santos.Stoltenberg@example.com,
58,Kailee,Erdman,Kailee.Erdman@example.com,
59,Kyler,Cummerata,Kyler.Cummerata@example.com,
60,Santa,Barrows,Santa.Barrows@example.com,
61,Gage,Koss,Gage.Koss@example.com,
62,Birdie,Hackett,Birdie.Hackett@example.com,
63,Geo,Goodwin,Geo.Goodwin@example.com,
64,Evalyn,Schuster,Evalyn.Schuster@example.com,
65,Zoey,Pfannerstill,Zoey.Pfannerstill@example.com,
66,Newton,Wisozk,Newton.Wisozk@example.com,
67,Kristin,Brekke,Kristin.Brekke@example.com,
68,Edgar,Tromp,Edgar.Tromp@example.com,
69,Helen,Koch,Helen.Koch@example.com,
70,Paolo,Feeney,Paolo.Feeney@example.com,
71,Chadd,Abshire,Chadd.Abshire@example.com,
72,Thea,Kshlerin,Thea.Kshlerin@example.com,
73,Beverly,Kiehn,Beverly.Kiehn@example.com,
74,Mylene,O'Keefe,Mylene.O'Keefe@example.com,
75,Maryam,Howe,Maryam.Howe@example.com,
76,Viviane,Kihn,Viviane.Kihn@example.com,
77,Jadyn,Streich,Jadyn.Streich@example.com,
78,Gracie,Friesen,Gracie.Friesen@example.com,
79,Shannon,Hagenes,Shannon.Hagenes@example.com,
80,Enola,Roberts,Enola.Roberts@example.com,
81,Burley,Kuhn,Burley.Kuhn@example.com,
82,Paxton,Grimes,Paxton.Grimes@example.com,
83,Kristopher,Legros,Kristopher.Legros@example.com,
84,Xander,Bashirian,Xander.Bashirian@example.com,
85,Laisha,Leuschke,Laisha.Leuschke@example.com,
86,Marlene,Fadel,Marlene.Fadel@example.com,
87,Urban,Senger,Urban.Senger@example.com,
88,Alfonso,Kub,Alfonso.Kub@example.com,
89,Layne,Huels,Layne.Huels@example.com,
90,Lupe,Wolf,Lupe.Wolf@example.com,
91,Brandi,O'Reilly,Brandi.O'Reilly@example.com,
92,Preston,McGlynn,Preston.McGlynn@example.com,
93,Woodrow,Robel,Woodrow.Robel@example.com,
94,Gunnar,Gerlach,Gunnar.Gerlach@example.com,
95,Joe,Wunsch,Joe.Wunsch@example.com,
96,Wava,Kemmer,Wava.Kemmer@example.com,
97,Emiliano,Bartell,Emiliano.Bartell@example.com,
98,Giovanni,Hand,Giovanni.Hand@example.com,
99,Helmer,O'Kon,Helmer.O'Kon@example.com,
100,Vinnie,Boyle,Vinnie.Boyle@example.com,
101,Audrey,Schultz,Audrey.Schultz@example.com,
102,Bert,Anderson,Bert.Anderson@example.com,
103,Jamaal,Armstrong,Jamaal.Armstrong@example.com,
104,Ronaldo,Harber,Ronaldo.Harber@example.com,
105,Anna,Fay,Anna.Fay@example.com,
106,Sasha,Lind,Sasha.Lind@example.com,
107,Isabelle,Keebler,Isabelle.Keebler@example.com,
108,Elisha,Abshire,Elisha.Abshire@example.com,
109,Fabian,Stiedemann,Fabian.Stiedemann@example.com,
110,Hassan,McGlynn,Hassan.McGlynn@example.com,
111,Kane,O'Connell,Kane.O'Connell@example.com,
112,Chanel,Dare,Chanel.Dare@example.com,
113,Ivah,Watsica,Ivah.Watsica@example.com,
114,Rey,Kassulke,Rey.Kassulke@example.com,
115,Isom,Runte,Isom.Runte@example.com,
116,Florence,Gleichner,Florence.Gleichner@example.com,
117,Gregorio,Okuneva,Gregorio.Okuneva@example.com,
118,Rodger,Mraz,Rodger.Mraz@example.com,
119,Alexys,Von,Alexys.Von@example.com,
120,Travis,Stiedemann,Travis.Stiedemann@example.com,
121,Ignatius,Kris,Ignatius.Kris@example.com,
122,Tyree,Leannon,Tyree.Leannon@example.com,
123,Amanda,Howell,Amanda.Howell@example.com,
124,Cindy,Boehm,Cindy.Boehm@example.com,
125,Verona,Ratke,Verona.Ratke@example.com,
126,Deron,Kirlin,Deron.Kirlin@example.com,
127,Adeline,Shanahan,Adeline.Shanahan@example.com,
128,Jerrod,Mayert,Jerrod.Mayert@example.com,
129,Hoyt,Altenwerth,Hoyt.Altenwerth@example.com,
130,Timothy,Bahringer,Timothy.Bahringer@example.com,
131,Murphy,Kertzmann,Murphy.Kertzmann@example.com,
132,Jaunita,Windler,Jaunita.Windler@example.com,
133,Casper,Harber,Casper.Harber@example.com,
134,Francesco,Fadel,Francesco.Fadel@example.com,
135,Jayden,Rolfson,Jayden.Rolfson@example.com,
136,Archibald,Lang,Archibald.Lang@example.com,
137,Wyman,Will,Wyman.Will@example.com,
138,Mikel,Mayert,Mikel.Mayert@example.com,
139,Ona,Larson,Ona.Larson@example.com,
140,Edgar,Frami,Edgar.Frami@example.com,
141,Jailyn,Littel,Jailyn.Littel@example.com,
142,Kirsten,O'Keefe,Kirsten.O'Keefe@example.com,
143,Torey,Blanda,Torey.Blanda@example.com,
144,Camilla,Altenwerth,Camilla.Altenwerth@example.com,
145,Bradford,Corwin,Bradford.Corwin@example.com,
146,Tara,Corwin,Tara.Corwin@example.com,
147,Callie,Smith,Callie.Smith@example.com,
148,Kaleigh,Gaylord,Kaleigh.Gaylord@example.com,
149,Rogers,Schmeler,Rogers.Schmeler@example.com,
150,Ephraim,Kuvalis,Ephraim.Kuvalis@example.com,
151,Gillian,Kuhic,Gillian.Kuhic@example.com,
152,Ignacio,Jacobs,Ignacio.Jacobs@example.com,
153,Maribel,Stamm,Maribel.Stamm@example.com,
154,Gabriel,Ratke,Gabriel.Ratke@example.com,
155,Devante,Hand,Devante.Hand@example.com,
156,Ibrahim,Emmerich,Ibrahim.Emmerich@example.com,
157,Talia,Hammes,Talia.Hammes@example.com,
158,Mona,Monahan,Mona.Monahan@example.com,
159,Andreanne,Torphy,Andreanne.Torphy@example.com,
160,Ottis,Bruen,Ottis.Bruen@example.com,
161,Janis,Wiza,Janis.Wiza@example.com,
162,Kayli,Heathcote,Kayli.Heathcote@example.com,
163,Camila,Swift,Camila.Swift@example.com,
164,Daniella,Braun,Daniella.Braun@example.com,
165,Cleveland,Murazik,Cleveland.Murazik@example.com,
166,Fredy,Bergnaum,Fredy.Bergnaum@example.com,
167,Juwan,VonRueden,Juwan.VonRueden@example.com,
168,Taurean,Pfeffer,Taurean.Pfeffer@example.com,
169,Aida,Thompson,Aida.Thompson@example.com,
170,Hunter,Zulauf,Hunter.Zulauf@example.com,
171,Aimee,Grant,Aimee.Grant@example.com,
172,Ophelia,Muller,Ophelia.Muller@example.com,
173,Kiera,Dooley,Kiera.Dooley@example.com,
174,Brenda,Waelchi,Brenda.Waelchi@example.com,
175,Taryn,Pfeffer,Taryn.Pfeffer@example.com,
176,Dejon,Sauer,Dejon.Sauer@example.com,
177,Oral,Koch,Oral.Koch@example.com,
178,Lisandro,Lynch,Lisandro.Lynch@example.com,
179,Myles,Stark,Myles.Stark@example.com,
180,Cade,Wilderman,Cade.Wilderman@example.com,
181,Juliana,Kulas,Juliana.Kulas@example.com,
182,Libby,Dibbert,Libby.Dibbert@example.com,
183,Martine,Macejkovic,Martine.Macejkovic@example.com,
184,Angeline,Wiegand,Angeline.Wiegand@example.com,
185,Irma,Halvorson,Irma.Halvorson@example.com,
186,Guiseppe,Feeney,Guiseppe.Feeney@example.com,
187,Angus,Balistreri,Angus.Balistreri@example.com,
188,Annabelle,Murphy,Annabelle.Murphy@example.com,
189,Kendra,Strosin,Kendra.Strosin@example.com,
190,Jovani,Effertz,Jovani.Effertz@example.com,
191,Rahul,Lindgren,Rahul.Lindgren@example.com,
192,Jett,Kuhlman,Jett.Kuhlman@example.com,
193,Sunny,Schultz,Sunny.Schultz@example.com,
194,Charlie,Little,Charlie.Little@example.com,
195,Serena,Nitzsche,Serena.Nitzsche@example.com,
196,Edwina,Nicolas,Edwina.Nicolas@example.com,
197,Keshaun,Mayer,Keshaun.Mayer@example.com,
198,Era,Hagenes,Era.Hagenes@example.com,
199,Rosendo,Reinger,Rosendo.Reinger@example.com,
200,Wilton,Miller,Wilton.Miller@example.com,
201,Mireya,Veum,Mireya.Veum@example.com,
202,Lenora,Flatley,Lenora.Flatley@example.com,
203,Leonor,Trantow,Leonor.Trantow@example.com,
204,Kayden,Frami,Kayden.Frami@example.com,
205,Dandre,Rosenbaum,Dandre.Rosenbaum@example.com,
206,Walter,Roob,Walter.Roob@example.com,
207,Jarred,Prosacco,Jarred.Prosacco@example.com,
208,Ludwig,Schinner,Ludwig.Schinner@example.com,
209,Whitney,Wisoky,Whitney.Wisoky@example.com,
210,Bridget,Crona,Bridget.Crona@example.com,
211,Berneice,Little,Berneice.Little@example.com,
212,Deonte,Trantow,Deonte.Trantow@example.com,
213,Harry,O'Kon,Harry.O'Kon@example.com,
214,Earl,Jenkins,Earl.Jenkins@example.com,
215,Mina,Stokes,Mina.Stokes@example.com,
216,Frederique,Kuhlman,Frederique.Kuhlman@example.com,
217,Osvaldo,Kirlin,Osvaldo.Kirlin@example.com,
218,Garnett,Boyer,Garnett.Boyer@example.com,
219,Cleta,Eichmann,Cleta.Eichmann@example.com,
220,Janie,Prohaska,Janie.Prohaska@example.com,
221,Justina,Huels,Justina.Huels@example.com,
222,Jarrett,Kreiger,Jarrett.Kreiger@example.com,
223,Mallory,Ferry,Mallory.Ferry@example.com,
224,Vida,Schneider,Vida.Schneider@example.com,
225,Gaylord,Glover,Gaylord.Glover@example.com,
226,Patricia,Quigley,Patricia.Quigley@example.com,
227,Mary,Schimmel,Mary.Schimmel@example.com,
228,Aliya,Satterfield,Aliya.Satterfield@example.com,
229,Monserrate,Schultz,Monserrate.Schultz@example.com,
230,Bennett,Bayer,Bennett.Bayer@example.com,
231,Alexandro,Russel,Alexandro.Russel@example.com,
232,Favian,Ortiz,Favian.Ortiz@example.com,
233,Garrett,Strosin,Garrett.Strosin@example.com,
234,Bradley,Gleichner,Bradley.Gleichner@example.com,
235,Caterina,Bruen,Caterina.Bruen@example.com,
236,Libbie,Quitzon,Libbie.Quitzon@example.com,
237,Heaven,Heller,Heaven.Heller@example.com,
238,Omari,Zieme,Omari.Zieme@example.com,
239,Zackary,Bogan,Zackary.Bogan@example.com,
240,Daphney,Willms,Daphney.Willms@example.com,
241,Garth,Johnson,Garth.Johnson@example.com,
242,Ronny,Berge,Ronny.Berge@example.com,
243,Anissa,Aufderhar,Anissa.Aufderhar@example.com,
244,Zoe,Lubowitz,Zoe.Lubowitz@example.com,
245,Shany,Hills,Shany.Hills@example.com,
246,Ken,Kuhn,Ken.Kuhn@example.com,
247,Dax,Moore,Dax.Moore@example.com,
248,Maurine,Bechtelar,Maurine.Bechtelar@example.com,
249,Mylene,Shanahan,Mylene.Shanahan@example.com,
250,Cruz,Batz,Cruz.Batz@example.com,
251,Uriel,Schuppe,Uriel.Schuppe@example.com,
252,Alanis,Reichert,Alanis.Reichert@example.com,
253,Susana,Bauch,Susana.Bauch@example.com,
254,Cloyd,Grimes,Cloyd.Grimes@example.com,
255,Michale,Heaney,Michale.Heaney@example.com,
256,Ernest,Goldner,Ernest.Goldner@example.com,
257,Hilma,Hand,Hilma.Hand@example.com,
258,Nakia,Bechtelar,Nakia.Bechtelar@example.com,
259,Telly,Marks,Telly.Marks@example.com,
260,Cameron,Maggio,Cameron.Maggio@example.com,
261,Pasquale,Shanahan,Pasquale.Shanahan@example.com,
262,Daphnee,Smith,Daphnee.Smith@example.com,
263,Torrey,Tremblay,Torrey.Tremblay@example.com,
264,Princess,Hodkiewicz,Princess.Hodkiewicz@example.com,
265,Merl,Kohler,Merl.Kohler@example.com,
266,Elyse,Kemmer,Elyse.Kemmer@example.com,
267,Deon,Grady,Deon.Grady@example.com,
268,Murphy,Erdman,Murphy.Erdman@example.com,
269,Mariane,Mosciski,Mariane.Mosciski@example.com,
270,Jacquelyn,MacGyver,Jacquelyn.MacGyver@example.com,
271,Garth,Parisian,Garth.Parisian@example.com,
272,Helena,Jacobi,Helena.Jacobi@example.com,
273,Maudie,Wilkinson,Maudie.Wilkinson@example.com,
274,Alia,Hettinger,Alia.Hettinger@example.com,
275,Jess,Mills,Jess.Mills@example.com,
276,Flo,Russel,Flo.Russel@example.com,
277,Geraldine,Frami,Geraldine.Frami@example.com,
278,Fatima,Pfannerstill,Fatima.Pfannerstill@example.com,
279,Barry,Lehner,Barry.Lehner@example.com,
280,Ramon,Tillman,Ramon.Tillman@example.com,
281,Zachery,Ullrich,Zachery.Ullrich@example.com,
282,Lenora,Bruen,Lenora.Bruen@example.com,
283,Harrison,VonRueden,Harrison.VonRueden@example.com,
284,Vladimir,Hamill,Vladimir.Hamill@example.com,
285,Amely,Bernhard,Amely.Bernhard@example.com,
286,Maryse,Heathcote,Maryse.Heathcote@example.com,
287,Leonora,Rath,Leonora.Rath@example.com,
288,Andrew,Lockman,Andrew.Lockman@example.com,
289,Adrian,Stamm,Adrian.Stamm@example.com,
290,Lenora,Hayes,Lenora.Hayes@example.com,
291,Erling,Bashirian,Erling.Bashirian@example.com,
292,Ralph,Kling,Ralph.Kling@example.com,
293,Ada,Ondricka,Ada.Ondricka@example.com,
294,Grayce,Parker,Grayce.Parker@example.com,
295,Wendy,Ondricka,Wendy.Ondricka@example.com,
296,Sarah,Runolfsson,Sarah.Runolfsson@example.com,
297,Maribel,Ferry,Maribel.Ferry@example.com,
298,Coty,Hand,Coty.Hand@example.com,
299,Trey,Predovic,Trey.Predovic@example.com,
300,Bettie,Reichert,Bettie.Reichert@example.com,
301,Susanna,Grimes,Susanna.Grimes@example.com,
302,Karli,Ratke,Karli.Ratke@example.com,
303,Vidal,Tremblay,Vidal.Tremblay@example.com,
304,Elfrieda,Schinner,Elfrieda.Schinner@example.com,
305,Shaun,Beier,Shaun.Beier@example.com,
306,Benny,Greenholt,Benny.Greenholt@example.com,
307,Domenico,Bartell,Domenico.Bartell@example.com,
308,Augustine,Barton,Augustine.Barton@example.com,
309,Maye,Witting,Maye.Witting@example.com,
310,Marielle,Eichmann,Marielle.Eichmann@example.com,
311,Newton,Schoen,Newton.Schoen@example.com,
312,Kenton,Fahey,Kenton.Fahey@example.com,
313,Domenic,Bins,Domenic.Bins@example.com,
314,Taurean,Stokes,Taurean.Stokes@example.com,
315,Emilio,O'Connell,Emilio.O'Connell@example.com,
316,Jameson,Kub,Jameson.Kub@example.com,
317,Nikolas,Wiegand,Nikolas.Wiegand@example.com,
318,Ena,Cronin,Ena.Cronin@example.com,
319,Vickie,Corkery,Vickie.Corkery@example.com,
320,Blaze,Kuvalis,Blaze.Kuvalis@example.com,
321,Jazlyn,Predovic,Jazlyn.Predovic@example.com,
322,Grayson,Gulgowski,Grayson.Gulgowski@example.com,
323,Santa,Mosciski,Santa.Mosciski@example.com,
324,Rolando,Hodkiewicz,Rolando.Hodkiewicz@example.com,
325,Rocio,Mann,Rocio.Mann@example.com,
326,Lisandro,Rosenbaum,Lisandro.Rosenbaum@example.com,
327,D'angelo,Shields,D'angelo.Shields@example.com,
328,Meagan,Towne,Meagan.Towne@example.com,
329,Alejandrin,Langosh,Alejandrin.Langosh@example.com,
330,Oren,Rohan,Oren.Rohan@example.com,
331,Nelson,Stokes,Nelson.Stokes@example.com,
332,Elsa,Marks,Elsa.Marks@example.com,
333,Eli,Lesch,Eli.Lesch@example.com,
334,Madelyn,Harris,Madelyn.Harris@example.com,
335,Madisyn,Raynor,Madisyn.Raynor@example.com,
336,Wilmer,Bruen,Wilmer.Bruen@example.com,
337,Justus,Haag,Justus.Haag@example.com,
338,Donald,Bergstrom,Donald.Bergstrom@example.com,
339,Norberto,Gutkowski,Norberto.Gutkowski@example.com,
340,Brayan,Berge,Brayan.Berge@example.com,
341,Kelsi,Vandervort,Kelsi.Vandervort@example.com,
342,Carrie,Stracke,Carrie.Stracke@example.com,
343,Mike,Greenholt,Mike.Greenholt@example.com,
344,Justen,Morar,Justen.Morar@example.com,
345,Luella,Weber,Luella.Weber@example.com,
346,Alan,Kessler,Alan.Kessler@example.com,
347,Nicolas,Lebsack,Nicolas.Lebsack@example.com,
348,Noah,Marvin,Noah.Marvin@example.com,
349,Flo,Stoltenberg,Flo.Stoltenberg@example.com,
350,Zackary,Schmidt,Zackary.Schmidt@example.com,
351,Gus,McDermott,Gus.McDermott@example.com,
352,Dawn,Goyette,Dawn.Goyette@example.com,
353,Judd,Haley,Judd.Haley@example.com,
354,Modesta,Marks,Modesta.Marks@example.com,
355,Wendell,Goldner,Wendell.Goldner@example.com,
356,Gaston,Rowe,Gaston.Rowe@example.com,
357,Letha,Wyman,Letha.Wyman@example.com,
358,Weston,Eichmann,Weston.Eichmann@example.com,
359,Claudine,Ernser,Claudine.Ernser@example.com,
360,Maya,Labadie,Maya.Labadie@example.com,
361,Jessy,Murray,Jessy.Murray@example.com,
362,Russ,Collier,Russ.Collier@example.com,
363,Hosea,Adams,Hosea.Adams@example.com,
364,Laila,Spinka,Laila.Spinka@example.com,
365,Isidro,Greenholt,Isidro.Greenholt@example.com,
366,Hollie,Rath,Hollie.Rath@example.com,
367,Bailee,Kihn,Bailee.Kihn@example.com,
368,Scarlett,Lesch,Scarlett.Lesch@example.com,
369,Gavin,Kertzmann,Gavin.Kertzmann@example.com,
370,Enrique,Kautzer,Enrique.Kautzer@example.com,
371,Reece,Murphy,Reece.Murphy@example.com,
372,Jarod,Breitenberg,Jarod.Breitenberg@example.com,
373,Nelson,Bailey,Nelson.Bailey@example.com,
374,Dena,Prohaska,Dena.Prohaska@example.com,
375,Jayme,Mertz,Jayme.Mertz@example.com,
376,Hudson,Spinka,Hudson.Spinka@example.com,
377,Libby,Beer,Libby.Beer@example.com,
378,Rosina,Runolfsdottir,Rosina.Runolfsdottir@example.com,
379,Ericka,Beer,Ericka.Beer@example.com,
380,Kaitlyn,Sanford,Kaitlyn.Sanford@example.com,
381,Quinton,Schmeler,Quinton.Schmeler@example.com,
382,Marcelino,Ryan,Marcelino.Ryan@example.com,
383,Rickey,Thiel,Rickey.Thiel@example.com,
384,Dudley,Sauer,Dudley.Sauer@example.com,
385,Elvis,Rau,Elvis.Rau@example.com,
386,Dora,Dickens,Dora.Dickens@example.com,
387,Electa,Koss,Electa.Koss@example.com,
388,River,Heidenreich,River.Heidenreich@example.com,
389,Arlene,Mills,Arlene.Mills@example.com,
390,Brandy,Larson,Brandy.Larson@example.com,
391,Ron,Kulas,Ron.Kulas@example.com,
392,Vincenza,Miller,Vincenza.Miller@example.com,
393,Kory,King,Kory.King@example.com,
394,Cristopher,Ruecker,Cristopher.Ruecker@example.com,
395,Gerard,Macejkovic,Gerard.Macejkovic@example.com,
396,Soledad,Mohr,Soledad.Mohr@example.com,
397,Khalid,Durgan,Khalid.Durgan@example.com,
398,Rosa,Pfeffer,Rosa.Pfeffer@example.com,
399,Rogelio,Marquardt,Rogelio.Marquardt@example.com,
400,Leann,Turner,Leann.Turner@example.com,
401,Taylor,Lind,Taylor.Lind@example.com,
402,Margaret,Strosin,Margaret.Strosin@example.com,
403,Payton,Schneider,Payton.Schneider@example.com,
404,Reginald,Crist,Reginald.Crist@example.com,
405,Oral,Lind,Oral.Lind@example.com,
406,Issac,Bergstrom,Issac.Bergstrom@example.com,
407,Sandra,Willms,Sandra.Willms@example.com,
408,Loyal,Crooks,Loyal.Crooks@example.com,
409,Everette,Upton,Everette.Upton@example.com,
410,Carmelo,Reynolds,Carmelo.Reynolds@example.com,
411,Pat,Schulist,Pat.Schulist@example.com,
412,Eldora,Pacocha,Eldora.Pacocha@example.com,
413,Ralph,Zieme,Ralph.Zieme@example.com,
414,Ilene,Beer,Ilene.Beer@example.com,
415,Lacy,Lueilwitz,Lacy.Lueilwitz@example.com,
416,Maud,Skiles,Maud.Skiles@example.com,
417,Lessie,Kshlerin,Lessie.Kshlerin@example.com,
418,Reinhold,Dicki,Reinhold.Dicki@example.com,
419,Candice,Jaskolski,Candice.Jaskolski@example.com,
420,Lexi,Harvey,Lexi.Harvey@example.com,
421,Ebba,Keeling,Ebba.Keeling@example.com,
422,Herminio,Kshlerin,Herminio.Kshlerin@example.com,
423,Noemy,Schmeler,Noemy.Schmeler@example.com,
424,Jamie,O'Keefe,Jamie.O'Keefe@example.com,
425,Hermina,Casper,Hermina.Casper@example.com,
426,Daphnee,Dare,Daphnee.Dare@example.com,
427,Arlo,Steuber,Arlo.Steuber@example.com,
428,Shanna,Miller,Shanna.Miller@example.com,
429,Paris,Paucek,Paris.Paucek@example.com,
430,Mara,Heller,Mara.Heller@example.com,
431,Shaniya,Schinner,Shaniya.Schinner@example.com,
432,Hector,Friesen,Hector.Friesen@example.com,
433,Agustin,Schroeder,Agustin.Schroeder@example.com,
434,Jay,McLaughlin,Jay.McLaughlin@example.com,
435,Mina,Bradtke,Mina.Bradtke@example.com,
436,Deangelo,Bode,Deangelo.Bode@example.com,
437,Octavia,Hettinger,Octavia.Hettinger@example.com,
438,Lexi,Rath,Lexi.Rath@example.com,
439,Toby,Durgan,Toby.Durgan@example.com,
440,Gordon,Toy,Gordon.Toy@example.com,
441,Gretchen,Kulas,Gretchen.Kulas@example.com,
442,Deion,Lehner,Deion.Lehner@example.com,
443,Zaria,Bartoletti,Zaria.Bartoletti@example.com,
444,Kendra,McLaughlin,Kendra.McLaughlin@example.com,
445,Gaston,Grimes,Gaston.Grimes@example.com,
446,Antwon,Wintheiser,Antwon.Wintheiser@example.com,
447,Aracely,Okuneva,Aracely.Okuneva@example.com,
448,Elmore,Schiller,Elmore.Schiller@example.com,
449,Milton,Ziemann,Milton.Ziemann@example.com,
450,Dena,Gleason,Dena.Gleason@example.com,
451,Maurice,O'Connell,Maurice.O'Connell@example.com,
452,Caesar,Heller,Caesar.Heller@example.com,
453,Ryann,Kub,Ryann.Kub@example.com,
454,Brown,Rohan,Brown.Rohan@example.com,
455,Zena,Luettgen,Zena.Luettgen@example.com,
456,Eladio,Runte,Eladio.Runte@example.com,
457,Emmett,Torp,Emmett.Torp@example.com,
458,Holden,Purdy,Holden.Purdy@example.com,
459,Kallie,Wisoky,Kallie.Wisoky@example.com,
460,Leann,Grimes,Leann.Grimes@example.com,
461,Giuseppe,Kreiger,Giuseppe.Kreiger@example.com,
462,Allan,Barton,Allan.Barton@example.com,
463,Mathew,Carter,Mathew.Carter@example.com,
464,Sheridan,Wisoky,Sheridan.Wisoky@example.com,
465,Rylee,Cole,Rylee.Cole@example.com,
466,Claire,Kuvalis,Claire.Kuvalis@example.com,
467,Rolando,Kuvalis,Rolando.Kuvalis@example.com,
468,Corine,Hilll,Corine.Hilll@example.com,
469,Serena,Deckow,Serena.Deckow@example.com,
470,Jarvis,Herman,Jarvis.Herman@example.com,
471,Afton,Beer,Afton.Beer@example.com,
472,Jeanette,Okuneva,Jeanette.Okuneva@example.com,
473,Valentina,Stark,Valentina.Stark@example.com,
474,Fritz,Kuhlman,Fritz.Kuhlman@example.com,
475,Janiya,McKenzie,Janiya.McKenzie@example.com,
476,Ismael,Pollich,Ismael.Pollich@example.com,
477,Mabel,Rice,Mabel.Rice@example.com,
478,Brandon,Heaney,Brandon.Heaney@example.com,
479,Jessie,Willms,Jessie.Willms@example.com,
480,Jasmin,Bailey,Jasmin.Bailey@example.com,
481,Will,Weissnat,Will.Weissnat@example.com,
482,Jeanne,Christiansen,Jeanne.Christiansen@example.com,
483,Richard,Brown,Richard.Brown@example.com,
484,Vidal,White,Vidal.White@example.com,
485,Mellie,Beer,Mellie.Beer@example.com,
486,Lester,Johnson,Lester.Johnson@example.com,
487,Jake,DuBuque,Jake.DuBuque@example.com,
488,Helene,Weber,Helene.Weber@example.com,
489,Jarod,King,Jarod.King@example.com,
490,Devin,Altenwerth,Devin.Altenwerth@example.com,
491,Julius,Reichel,Julius.Reichel@example.com,
492,Jake,Moen,Jake.Moen@example.com,
493,Coralie,Goodwin,Coralie.Goodwin@example.com,
494,Josie,Hilpert,Josie.Hilpert@example.com,
495,Charlotte,Conroy,Charlotte.Conroy@example.com,
496,Marilou,Schumm,Marilou.Schumm@example.com,
497,Hortense,Hintz,Hortense.Hintz@example.com,
498,Caroline,Ratke,Caroline.Ratke@example.com,
499,Bartholome,Bogisich,Bartholome.Bogisich@example.com,
500,Jaylen,Kris,Jaylen.Kris@example.com,
501,Dayana,Gorczany,Dayana.Gorczany@example.com,
502,Roxanne,Will,Roxanne.Will@example.com,
503,Lura,Keeling,Lura.Keeling@example.com,
504,Henriette,Conn,Henriette.Conn@example.com,
505,Meagan,Wolff,Meagan.Wolff@example.com,
506,Elmira,Mayert,Elmira.Mayert@example.com,
507,Jo,Sipes,Jo.Sipes@example.com,
508,Sabryna,Ledner,Sabryna.Ledner@example.com,
509,Alexandra,Pollich,Alexandra.Pollich@example.com,
510,Michael,Ankunding,Michael.Ankunding@example.com,
511,Oma,Runolfsdottir,Oma.Runolfsdottir@example.com,
512,Dortha,Roob,Dortha.Roob@example.com,
513,Don,Mosciski,Don.Mosciski@example.com,
514,Florida,Mante,Florida.Mante@example.com,
515,Reymundo,Hauck,Reymundo.Hauck@example.com,
516,Shana,Hickle,Shana.Hickle@example.com,
517,Lazaro,Zulauf,Lazaro.Zulauf@example.com,
518,Hayden,Carroll,Hayden.Carroll@example.com,
519,Yvonne,Howell,Yvonne.Howell@example.com,
520,Francesco,Stokes,Francesco.Stokes@example.com,
521,Federico,Towne,Federico.Towne@example.com,
522,Vita,Walter,Vita.Walter@example.com,
523,Richie,Wyman,Richie.Wyman@example.com,
524,Lorena,Zboncak,Lorena.Zboncak@example.com,
525,Norberto,Paucek,Norberto.Paucek@example.com,
526,Precious,Hermiston,Precious.Hermiston@example.com,
527,Eileen,Heaney,Eileen.Heaney@example.com,
528,Stephanie,Schmeler,Stephanie.Schmeler@example.com,
529,Kaycee,Erdman,Kaycee.Erdman@example.com,
530,Jasper,Marvin,Jasper.Marvin@example.com,
531,Coby,Conn,Coby.Conn@example.com,
532,Leda,Torphy,Leda.Torphy@example.com,
533,Donavon,Hickle,Donavon.Hickle@example.com,
534,Alexie,Kuhn,Alexie.Kuhn@example.com,
535,Charlene,Borer,Charlene.Borer@example.com,
536,Chris,Shanahan,Chris.Shanahan@example.com,
537,Joany,Bergnaum,Joany.Bergnaum@example.com,
538,Major,Hills,Major.Hills@example.com,
539,Julien,Hamill,Julien.Hamill@example.com,
540,Ignacio,Conroy,Ignacio.Conroy@example.com,
541,Daija,Sporer,Daija.Sporer@example.com,
542,Margarete,Barton,Margarete.Barton@example.com,
543,Elda,Larkin,Elda.Larkin@example.com,
544,Cory,Schmitt,Cory.Schmitt@example.com,
545,Howell,Gibson,Howell.Gibson@example.com,
546,Kenya,O'Conner,Kenya.O'Conner@example.com,
547,Wellington,Lynch,Wellington.Lynch@example.com,
548,Isidro,Osinski,Isidro.Osinski@example.com,
549,Valentina,Tromp,Valentina.Tromp@example.com,
550,Maxime,Mayert,Maxime.Mayert@example.com,
551,Muriel,Boehm,Muriel.Boehm@example.com,
552,Shakira,Heathcote,Shakira.Heathcote@example.com,
553,Samanta,Russel,Samanta.Russel@example.com,
554,Donny,Kris,Donny.Kris@example.com,
555,Aurore,Wolff,Aurore.Wolff@example.com,
556,Astrid,Lowe,Astrid.Lowe@example.com,
557,Godfrey,Lynch,Godfrey.Lynch@example.com,
558,Casper,Sporer,Casper.Sporer@example.com,
559,Eldora,Blanda,Eldora.Blanda@example.com,
560,Carmine,Cole,Carmine.Cole@example.com,
561,Assunta,Lockman,Assunta.Lockman@example.com,
562,Jolie,White,Jolie.White@example.com,
563,Alaina,Kuhic,Alaina.Kuhic@example.com,
564,Lionel,Casper,Lionel.Casper@example.com,
565,Alberta,Corwin,Alberta.Corwin@example.com,
566,Blake,Hane,Blake.Hane@example.com,
567,Ashleigh,Stiedemann,Ashleigh.Stiedemann@example.com,
568,Clinton,Hackett,Clinton.Hackett@example.com,
569,Tiana,Greenholt,Tiana.Greenholt@example.com,
570,Presley,McKenzie,Presley.McKenzie@example.com,
571,Emmet,Christiansen,Emmet.Christiansen@example.com,
572,Allison,Reichel,Allison.Reichel@example.com,
573,Athena,Beatty,Athena.Beatty@example.com,
574,Sarina,Moen,Sarina.Moen@example.com,
575,Brain,Schmidt,Brain.Schmidt@example.com,
576,Kacie,Jakubowski,Kacie.Jakubowski@example.com,
577,Henriette,Mueller,Henriette.Mueller@example.com,
578,Candice,Kuvalis,Candice.Kuvalis@example.com,
579,Gage,Pagac,Gage.Pagac@example.com,
580,Hailie,Hessel,Hailie.Hessel@example.com,
581,Rod,Heidenreich,Rod.Heidenreich@example.com,
582,Sidney,Prosacco,Sidney.Prosacco@example.com,
583,Marianna,Kub,Marianna.Kub@example.com,
584,Dorthy,Bogisich,Dorthy.Bogisich@example.com,
585,Wilfred,Kreiger,Wilfred.Kreiger@example.com,
586,Arely,Friesen,Arely.Friesen@example.com,
587,Jamar,Grimes,Jamar.Grimes@example.com,
588,Ramiro,Marquardt,Ramiro.Marquardt@example.com,
589,Aileen,Stoltenberg,Aileen.Stoltenberg@example.com,
590,Lelah,Gaylord,Lelah.Gaylord@example.com,
591,Ismael,Kozey,Ismael.Kozey@example.com,
592,Ivy,Murphy,Ivy.Murphy@example.com,
593,Blaze,Pouros,Blaze.Pouros@example.com,
594,Janae,Reilly,Janae.Reilly@example.com,
595,Valentina,Becker,Valentina.Becker@example.com,
596,Michele,Lesch,Michele.Lesch@example.com,
597,Pasquale,Jerde,Pasquale.Jerde@example.com,
598,Godfrey,Bins,Godfrey.Bins@example.com,
599,Estella,Kunde,Estella.Kunde@example.com,
600,Jillian,Schaden,Jillian.Schaden@example.com,
601,Mckayla,Stanton,Mckayla.Stanton@example.com,
602,Ariel,Bayer,Ariel.Bayer@example.com,
603,Gregorio,Wilkinson,Gregorio.Wilkinson@example.com,
604,Virginie,Leuschke,Virginie.Leuschke@example.com,
605,Ramona,Orn,Ramona.Orn@example.com,
606,Chadd,Koch,Chadd.Koch@example.com,
607,Mallory,Abernathy,Mallory.Abernathy@example.com,
608,Davion,Runolfsson,Davion.Runolfsson@example.com,
609,Iva,Labadie,Iva.Labadie@example.com,
610,Christelle,Smitham,Christelle.Smitham@example.com,
611,Agustina,Padberg,Agustina.Padberg@example.com,
612,Alena,Durgan,Alena.Durgan@example.com,
613,Camila,Brakus,Camila.Brakus@example.com,
614,Carissa,Hayes,Carissa.Hayes@example.com,
615,Wade,Ullrich,Wade.Ullrich@example.com,
616,Bradley,Mertz,Bradley.Mertz@example.com,
617,Abraham,Wiegand,Abraham.Wiegand@example.com,
618,Haven,Douglas,Haven.Douglas@example.com,
619,Dane,Abernathy,Dane.Abernathy@example.com,
620,Marvin,Hilll,Marvin.Hilll@example.com,
621,Quincy,Cremin,Quincy.Cremin@example.com,
622,Giuseppe,Kuhlman,Giuseppe.Kuhlman@example.com,
623,Elian,Johnson,Elian.Johnson@example.com,
624,Zetta,Kautzer,Zetta.Kautzer@example.com,
625,Luz,Fritsch,Luz.Fritsch@example.com,
626,Ariel,Nikolaus,Ariel.Nikolaus@example.com,
627,Kaia,Will,Kaia.Will@example.com,
628,Zechariah,Bartoletti,Zechariah.Bartoletti@example.com,
629,Aryanna,Macejkovic,Aryanna.Macejkovic@example.com,
630,Sage,Bartell,Sage.Bartell@example.com,
631,Damion,Hilpert,Damion.Hilpert@example.com,
632,Elenora,Baumbach,Elenora.Baumbach@example.com,
633,Jared,Daniel,Jared.Daniel@example.com,
634,Earnest,Corkery,Earnest.Corkery@example.com,
635,Raphael,Doyle,Raphael.Doyle@example.com,
636,Devyn,Johnson,Devyn.Johnson@example.com,
637,Kevon,Swift,Kevon.Swift@example.com,
638,Javon,Kunde,Javon.Kunde@example.com,
639,Skyla,Mante,Skyla.Mante@example.com,
640,Jacey,Boyer,Jacey.Boyer@example.com,
641,Jace,Lemke,Jace.Lemke@example.com,
642,Muriel,Adams,Muriel.Adams@example.com,
643,Chelsie,Mante,Chelsie.Mante@example.com,
644,Brendan,Stehr,Brendan.Stehr@example.com,
645,Ansel,Yundt,Ansel.Yundt@example.com,
646,Domenico,Swift,Domenico.Swift@example.com,
647,Art,Wolf,Art.Wolf@example.com,
648,Jadyn,Bayer,Jadyn.Bayer@example.com,
649,Kendrick,Jacobson,Kendrick.Jacobson@example.com,
650,Marty,Wuckert,Marty.Wuckert@example.com,
651,Catharine,Streich,Catharine.Streich@example.com,
652,Cameron,Hodkiewicz,Cameron.Hodkiewicz@example.com,
653,Lina,Bernier,Lina.Bernier@example.com,
654,Heloise,McLaughlin,Heloise.McLaughlin@example.com,
655,Shyanne,Anderson,Shyanne.Anderson@example.com,
656,Derek,Tremblay,Derek.Tremblay@example.com,
657,Emmett,Auer,Emmett.Auer@example.com,
658,Joe,Miller,Joe.Miller@example.com,
659,D'angelo,Gislason,D'angelo.Gislason@example.com,
660,Leopold,Homenick,Leopold.Homenick@example.com,
661,Olen,Wiegand,Olen.Wiegand@example.com,
662,Napoleon,Hickle,Napoleon.Hickle@example.com,
663,Rogelio,Bartell,Rogelio.Bartell@example.com,
664,Zaria,Hills,Zaria.Hills@example.com,
665,Litzy,Gislason,Litzy.Gislason@example.com,
666,Richie,Harris,Richie.Harris@example.com,
667,Nickolas,Bartoletti,Nickolas.Bartoletti@example.com,
668,Nellie,Wilderman,Nellie.Wilderman@example.com,
669,Marvin,Smitham,Marvin.Smitham@example.com,
670,Tabitha,Haag,Tabitha.Haag@example.com,
671,Princess,Watsica,Princess.Watsica@example.com,
672,Raymundo,Collier,Raymundo.Collier@example.com,
673,Tommie,Cassin,Tommie.Cassin@example.com,
674,Shaylee,Ziemann,Shaylee.Ziemann@example.com,
675,Elyssa,Kling,Elyssa.Kling@example.com,
676,Alexys,Corwin,Alexys.Corwin@example.com,
677,Oma,Kutch,Oma.Kutch@example.com,
678,Carey,Douglas,Carey.Douglas@example.com,
679,Fannie,Abernathy,Fannie.Abernathy@example.com,
680,Darion,Grady,Darion.Grady@example.com,
681,Ewald,Emard,Ewald.Emard@example.com,
682,Lucio,Balistreri,Lucio.Balistreri@example.com,
683,Andy,Heidenreich,Andy.Heidenreich@example.com,
684,Arne,Homenick,Arne.Homenick@example.com,
685,Sage,Purdy,Sage.Purdy@example.com,
686,Jane,Kunze,Jane.Kunze@example.com,
687,Max,Wintheiser,Max.Wintheiser@example.com,
688,Elda,Ortiz,Elda.Ortiz@example.com,
689,Marvin,Mante,Marvin.Mante@example.com,
690,Drake,Wunsch,Drake.Wunsch@example.com,
691,Ezekiel,Kilback,Ezekiel.Kilback@example.com,
692,Sarah,Jakubowski,Sarah.Jakubowski@example.com,
693,Dorris,Hudson,Dorris.Hudson@example.com,
694,Mireya,Jast,Mireya.Jast@example.com,
695,Ellen,Macejkovic,Ellen.Macejkovic@example.com,
696,Lambert,Douglas,Lambert.Douglas@example.com,
697,Emilie,Greenfelder,Emilie.Greenfelder@example.com,
698,Avery,Towne,Avery.Towne@example.com,
699,Jalon,Upton,Jalon.Upton@example.com,
700,Vernon,Ledner,Vernon.Ledner@example.com,
701,Isidro,Monahan,Isidro.Monahan@example.com,
702,Angel,Heidenreich,Angel.Heidenreich@example.com,
703,Stan,Funk,Stan.Funk@example.com,
704,Uriel,Bednar,Uriel.Bednar@example.com,
705,Angelica,Schulist,Angelica.Schulist@example.com,
706,Christelle,Gulgowski,Christelle.Gulgowski@example.com,
707,Mikayla,Altenwerth,Mikayla.Altenwerth@example.com,
708,Elva,King,Elva.King@example.com,
709,Dee,Wintheiser,Dee.Wintheiser@example.com,
710,Haylie,King,Haylie.King@example.com,
711,Tyshawn,Ullrich,Tyshawn.Ullrich@example.com,
712,Zoe,Rogahn,Zoe.Rogahn@example.com,
713,Kiana,Daugherty,Kiana.Daugherty@example.com,
714,Coby,Rodriguez,Coby.Rodriguez@example.com,
715,Sonny,Raynor,Sonny.Raynor@example.com,
716,Murl,Will,Murl.Will@example.com,
717,Elliott,Flatley,Elliott.Flatley@example.com,
718,Briana,Cruickshank,Briana.Cruickshank@example.com,
719,Lew,Jacobi,Lew.Jacobi@example.com,
720,Clare,Schamberger,Clare.Schamberger@example.com,
721,Eva,Bins,Eva.Bins@example.com,
722,Dasia,Hilll,Dasia.Hilll@example.com,
723,Amya,Renner,Amya.Renner@example.com,
724,Kole,Dooley,Kole.Dooley@example.com,
725,Madaline,Grady,Madaline.Grady@example.com,
726,Camryn,Smitham,Camryn.Smitham@example.com,
727,Brycen,Weissnat,Brycen.Weissnat@example.com,
728,Adrianna,Cormier,Adrianna.Cormier@example.com,
729,Lester,Bartell,Lester.Bartell@example.com,
730,Patrick,Quitzon,Patrick.Quitzon@example.com,
731,Mabel,Abshire,Mabel.Abshire@example.com,
732,Miguel,Oberbrunner,Miguel.Oberbrunner@example.com,
733,Halle,Kuhic,Halle.Kuhic@example.com,
734,Maximillian,Becker,Maximillian.Becker@example.com,
735,Aidan,Becker,Aidan.Becker@example.com,
736,Matilda,Larkin,Matilda.Larkin@example.com,
737,Johnny,Stehr,Johnny.Stehr@example.com,
738,Karolann,Will,Karolann.Will@example.com,
739,Valentin,Kassulke,Valentin.Kassulke@example.com,
740,Bret,Pollich,Bret.Pollich@example.com,
741,Monica,Mante,Monica.Mante@example.com,
742,Joaquin,Nader,Joaquin.Nader@example.com,
743,Demarcus,Schultz,Demarcus.Schultz@example.com,
744,Tara,Kassulke,Tara.Kassulke@example.com,
745,Dangelo,Lindgren,Dangelo.Lindgren@example.com,
746,Rogelio,Barrows,Rogelio.Barrows@example.com,
747,Terry,Morissette,Terry.Morissette@example.com,
748,Esmeralda,Hane,Esmeralda.Hane@example.com,
749,Bernie,Kutch,Bernie.Kutch@example.com,
750,Ellen,Barrows,Ellen.Barrows@example.com,
751,Ludie,Lind,Ludie.Lind@example.com,
752,Haven,Braun,Haven.Braun@example.com,
753,Bradford,Christiansen,Bradford.Christiansen@example.com,
754,Arnulfo,Ernser,Arnulfo.Ernser@example.com,
755,Coby,Streich,Coby.Streich@example.com,
756,Sonya,Johns,Sonya.Johns@example.com,
757,Patience,Kuhn,Patience.Kuhn@example.com,
758,Jermey,Treutel,Jermey.Treutel@example.com,
759,Mathew,Moen,Mathew.Moen@example.com,
760,Damian,Rippin,Damian.Rippin@example.com,
761,Halle,Rutherford,Halle.Rutherford@example.com,
762,Foster,Orn,Foster.Orn@example.com,
763,Vella,Harris,Vella.Harris@example.com,
764,Jaylin,Kohler,Jaylin.Kohler@example.com,
765,Leonard,Feest,Leonard.Feest@example.com,
766,Hanna,Champlin,Hanna.Champlin@example.com,
767,Araceli,Rau,Araceli.Rau@example.com,
768,Michaela,Moen,Michaela.Moen@example.com,
769,Ron,Mraz,Ron.Mraz@example.com,
770,Violet,Champlin,Violet.Champlin@example.com,
771,Garrison,Cassin,Garrison.Cassin@example.com,
772,Edwina,Douglas,Edwina.Douglas@example.com,
773,Jessie,Roob,Jessie.Roob@example.com,
774,Deondre,Steuber,Deondre.Steuber@example.com,
775,Hector,Nienow,Hector.Nienow@example.com,
776,Julia,Hagenes,Julia.Hagenes@example.com,
777,Delphine,Shields,Delphine.Shields@example.com,
778,Tianna,Stamm,Tianna.Stamm@example.com,
779,Larissa,Hirthe,Larissa.Hirthe@example.com,
780,Kianna,Brown,Kianna.Brown@example.com,
781,Woodrow,O'Kon,Woodrow.O'Kon@example.com,
782,Rhiannon,Herzog,Rhiannon.Herzog@example.com,
783,Sienna,Konopelski,Sienna.Konopelski@example.com,
784,Fredy,Hudson,Fredy.Hudson@example.com,
785,Hortense,Konopelski,Hortense.Konopelski@example.com,
786,Granville,Bins,Granville.Bins@example.com,
787,Kassandra,Price,Kassandra.Price@example.com,
788,Hulda,Kuphal,Hulda.Kuphal@example.com,
789,Chaz,Schuster,Chaz.Schuster@example.com,
790,Laverna,Bernhard,Laverna.Bernhard@example.com,
791,Emmett,McDermott,Emmett.McDermott@example.com,
792,Kelly,Hilpert,Kelly.Hilpert@example.com,
793,Jazmyn,Brown,Jazmyn.Brown@example.com,
794,Crawford,Ratke,Crawford.Ratke@example.com,
795,Adolph,Rath,Adolph.Rath@example.com,
796,Kitty,Bartoletti,Kitty.Bartoletti@example.com,
797,Alfredo,Simonis,Alfredo.Simonis@example.com,
798,Mathew,Armstrong,Mathew.Armstrong@example.com,
799,Samir,Luettgen,Samir.Luettgen@example.com,
800,Hallie,Daugherty,Hallie.Daugherty@example.com,
801,Alexandra,Lakin,Alexandra.Lakin@example.com,
802,Mariela,Hermann,Mariela.Hermann@example.com,
803,Aurelio,Beer,Aurelio.Beer@example.com,
804,Mona,Kub,Mona.Kub@example.com,
805,Allie,Botsford,Allie.Botsford@example.com,
806,Andy,Brown,Andy.Brown@example.com,
807,Maeve,Lang,Maeve.Lang@example.com,
808,Mckayla,Streich,Mckayla.Streich@example.com,
809,Alfredo,Kuphal,Alfredo.Kuphal@example.com,
810,Herman,Rau,Herman.Rau@example.com,
811,Myrtice,Wisoky,Myrtice.Wisoky@example.com,
812,Joseph,Monahan,Joseph.Monahan@example.com,
813,Libby,Balistreri,Libby.Balistreri@example.com,
814,Johnathon,Stark,Johnathon.Stark@example.com,
815,Karen,Dickinson,Karen.Dickinson@example.com,
816,Abbey,Gorczany,Abbey.Gorczany@example.com,
817,Newton,Conn,Newton.Conn@example.com,
818,Clarabelle,Heller,Clarabelle.Heller@example.com,
819,Aylin,Breitenberg,Aylin.Breitenberg@example.com,
820,Horace,Hamill,Horace.Hamill@example.com,
821,Sydnie,Hamill,Sydnie.Hamill@example.com,
822,Jasen,Wilderman,Jasen.Wilderman@example.com,
823,Winifred,Ward,Winifred.Ward@example.com,
824,Louvenia,Bradtke,Louvenia.Bradtke@example.com,
825,Malachi,Cruickshank,Malachi.Cruickshank@example.com,
826,Bobbie,Halvorson,Bobbie.Halvorson@example.com,
827,Dangelo,Gislason,Dangelo.Gislason@example.com,
828,Efrain,Dietrich,Efrain.Dietrich@example.com,
829,Anderson,Kunze,Anderson.Kunze@example.com,
830,Gordon,Ziemann,Gordon.Ziemann@example.com,
831,Elisabeth,Schiller,Elisabeth.Schiller@example.com,
832,Athena,Klein,Athena.Klein@example.com,
833,Amanda,Terry,Amanda.Terry@example.com,
834,Zander,Little,Zander.Little@example.com,
835,Samara,Bartell,Samara.Bartell@example.com,
836,Chanel,Waters,Chanel.Waters@example.com,
837,Orion,Cartwright,Orion.Cartwright@example.com,
838,Brannon,Koch,Brannon.Koch@example.com,
839,Lester,Robel,Lester.Robel@example.com,
840,Charlotte,Hermiston,Charlotte.Hermiston@example.com,
841,Jamie,Stiedemann,Jamie.Stiedemann@example.com,
842,Sylvan,Robel,Sylvan.Robel@example.com,
843,Fern,Beatty,Fern.Beatty@example.com,
844,Steve,Lind,Steve.Lind@example.com,
845,Yadira,Hilpert,Yadira.Hilpert@example.com,
846,Dortha,Weber,Dortha.Weber@example.com,
847,Brielle,Torp,Brielle.Torp@example.com,
848,Sarai,Crooks,Sarai.Crooks@example.com,
849,Sid,Morar,Sid.Morar@example.com,
850,Ali,Grady,Ali.Grady@example.com,
851,Adrian,Ankunding,Adrian.Ankunding@example.com,
852,Geoffrey,Murphy,Geoffrey.Murphy@example.com,
853,Madisen,Upton,Madisen.Upton@example.com,
854,Dangelo,Zboncak,Dangelo.Zboncak@example.com,
855,Woodrow,Hilll,Woodrow.Hilll@example.com,
856,Emil,Dare,Emil.Dare@example.com,
857,Cathrine,Durgan,Cathrine.Durgan@example.com,
858,Kristin,Kemmer,Kristin.Kemmer@example.com,
859,Pearl,Adams,Pearl.Adams@example.com,
860,Efrain,Berge,Efrain.Berge@example.com,
861,Carrie,Powlowski,Carrie.Powlowski@example.com,
862,Howell,Spencer,Howell.Spencer@example.com,
863,Harrison,Harvey,Harrison.Harvey@example.com,
864,Kendall,Olson,Kendall.Olson@example.com,
865,Johnpaul,Feil,Johnpaul.Feil@example.com,
866,Heidi,Legros,Heidi.Legros@example.com,
867,Emely,Hegmann,Emely.Hegmann@example.com,
868,Yazmin,Kunze,Yazmin.Kunze@example.com,
869,Jackie,Jenkins,Jackie.Jenkins@example.com,
870,Aniya,Waelchi,Aniya.Waelchi@example.com,
871,Kane,Bartell,Kane.Bartell@example.com,
872,Adolph,Fay,Adolph.Fay@example.com,
873,Marianne,Daugherty,Marianne.Daugherty@example.com,
874,Rachel,Bernier,Rachel.Bernier@example.com,
875,Kiara,Olson,Kiara.Olson@example.com,
876,Shaniya,Reilly,Shaniya.Reilly@example.com,
877,Chesley,Larson,Chesley.Larson@example.com,
878,Sam,Weimann,Sam.Weimann@example.com,
879,Jackeline,Pfeffer,Jackeline.Pfeffer@example.com,
880,Adolphus,Trantow,Adolphus.Trantow@example.com,
881,Misty,Abernathy,Misty.Abernathy@example.com,
882,Katrine,Hane,Katrine.Hane@example.com,
883,Maia,Anderson,Maia.Anderson@example.com,
884,Claudia,Schneider,Claudia.Schneider@example.com,
885,Ila,Keeling,Ila.Keeling@example.com,
886,Caden,Weimann,Caden.Weimann@example.com,
887,Annalise,Koepp,Annalise.Koepp@example.com,
888,Ora,Hansen,Ora.Hansen@example.com,
889,Damian,McCullough,Damian.McCullough@example.com,
890,Derrick,Mohr,Derrick.Mohr@example.com,
891,Noel,West,Noel.West@example.com,
892,Sydni,Beier,Sydni.Beier@example.com,
893,Josiane,Hills,Josiane.Hills@example.com,
894,Ellen,Greenholt,Ellen.Greenholt@example.com,
895,Jerome,Medhurst,Jerome.Medhurst@example.com,
896,Daren,Barton,Daren.Barton@example.com,
897,Sharon,Turcotte,Sharon.Turcotte@example.com,
898,Emmanuelle,Keeling,Emmanuelle.Keeling@example.com,
899,Jeffry,Nikolaus,Jeffry.Nikolaus@example.com,
900,Daphne,Reynolds,Daphne.Reynolds@example.com,
901,Nicole,Waters,Nicole.Waters@example.com,
902,Missouri,West,Missouri.West@example.com,
903,Grant,Price,Grant.Price@example.com,
904,Amber,Rempel,Amber.Rempel@example.com,
905,Timothy,Greenholt,Timothy.Greenholt@example.com,
906,Laurel,Murazik,Laurel.Murazik@example.com,
907,Gaston,Sawayn,Gaston.Sawayn@example.com,
908,Vernie,Towne,Vernie.Towne@example.com,
909,Delta,Rowe,Delta.Rowe@example.com,
910,Octavia,Dickens,Octavia.Dickens@example.com,
911,Danika,Hermiston,Danika.Hermiston@example.com,
912,Alberta,Grady,Alberta.Grady@example.com,
913,Dena,Davis,Dena.Davis@example.com,
914,Ken,Effertz,Ken.Effertz@example.com,
915,Guido,Schamberger,Guido.Schamberger@example.com,
916,Rene,Schmidt,Rene.Schmidt@example.com,
917,Brennon,Schaefer,Brennon.Schaefer@example.com,
918,Carissa,Labadie,Carissa.Labadie@example.com,
919,Mitchel,Bailey,Mitchel.Bailey@example.com,
920,Enos,Witting,Enos.Witting@example.com,
921,Edd,Gleichner,Edd.Gleichner@example.com,
922,Coleman,Schultz,Coleman.Schultz@example.com,
923,Kelsie,Ortiz,Kelsie.Ortiz@example.com,
924,Eduardo,Altenwerth,Eduardo.Altenwerth@example.com,
925,Kasandra,Cronin,Kasandra.Cronin@example.com,
926,Juston,Nader,Juston.Nader@example.com,
927,Kasandra,Raynor,Kasandra.Raynor@example.com,
928,Santina,Von,Santina.Von@example.com,
929,Raphael,MacGyver,Raphael.MacGyver@example.com,
930,Roderick,Erdman,Roderick.Erdman@example.com,
931,Fanny,Koepp,Fanny.Koepp@example.com,
932,Alfredo,Beatty,Alfredo.Beatty@example.com,
933,Jakob,Towne,Jakob.Towne@example.com,
934,Annie,Rutherford,Annie.Rutherford@example.com,
935,Juanita,Wolff,Juanita.Wolff@example.com,
936,Edgar,Kohler,Edgar.Kohler@example.com,
937,Willow,Skiles,Willow.Skiles@example.com,
938,Ellie,Dicki,Ellie.Dicki@example.com,
939,Sheila,Veum,Sheila.Veum@example.com,
940,Faye,Gaylord,Faye.Gaylord@example.com,
941,Agustina,Hagenes,Agustina.Hagenes@example.com,
942,Lauretta,Satterfield,Lauretta.Satterfield@example.com,
943,Holly,Lueilwitz,Holly.Lueilwitz@example.com,
944,Ferne,Vandervort,Ferne.Vandervort@example.com,
945,Joseph,Lang,Joseph.Lang@example.com,
946,Enid,Kovacek,Enid.Kovacek@example.com,
947,Chanel,Roberts,Chanel.Roberts@example.com,
948,Gerda,Kuhic,Gerda.Kuhic@example.com,
949,Reid,Mills,Reid.Mills@example.com,
950,Hans,Marks,Hans.Marks@example.com,
951,General,Schumm,General.Schumm@example.com,
952,Carey,Frami,Carey.Frami@example.com,
953,Darron,Nitzsche,Darron.Nitzsche@example.com,
954,Montana,Deckow,Montana.Deckow@example.com,
955,Orrin,Rutherford,Orrin.Rutherford@example.com,
956,Jett,Hane,Jett.Hane@example.com,
957,Susanna,Homenick,Susanna.Homenick@example.com,
958,Princess,Blick,Princess.Blick@example.com,
959,Tatum,Brakus,Tatum.Brakus@example.com,
960,Marielle,Schuster,Marielle.Schuster@example.com,
961,Elouise,Considine,Elouise.Considine@example.com,
962,Ward,Pacocha,Ward.Pacocha@example.com,
963,Waino,Lowe,Waino.Lowe@example.com,
964,Jewell,Smith,Jewell.Smith@example.com,
965,Wilburn,Brakus,Wilburn.Brakus@example.com,
966,Fidel,Gulgowski,Fidel.Gulgowski@example.com,
967,Briana,Hamill,Briana.Hamill@example.com,
968,Jade,Boyer,Jade.Boyer@example.com,
969,Stefan,Bergnaum,Stefan.Bergnaum@example.com,
970,Abe,Bahringer,Abe.Bahringer@example.com,
971,Elijah,Crooks,Elijah.Crooks@example.com,
972,Haylie,Stehr,Haylie.Stehr@example.com,
973,Madge,Moen,Madge.Moen@example.com,
974,Horacio,Kling,Horacio.Kling@example.com,
975,Theodore,Moore,Theodore.Moore@example.com,
976,Emilie,Schuppe,Emilie.Schuppe@example.com,
977,Estrella,Walter,Estrella.Walter@example.com,
978,Beverly,Mueller,Beverly.Mueller@example.com,
979,Roxane,Kovacek,Roxane.Kovacek@example.com,
980,Willow,Mitchell,Willow.Mitchell@example.com,
981,Ova,Walter,Ova.Walter@example.com,
982,Alfred,Weimann,Alfred.Weimann@example.com,
983,Aleen,Gerhold,Aleen.Gerhold@example.com,
984,Richie,Dickens,Richie.Dickens@example.com,
985,Dashawn,Buckridge,Dashawn.Buckridge@example.com,
986,Melissa,Keeling,Melissa.Keeling@example.com,
987,Judson,Lesch,Judson.Lesch@example.com,
988,Olin,Schmeler,Olin.Schmeler@example.com,
989,Ebba,Kunde,Ebba.Kunde@example.com,
990,Audreanne,Johnson,Audreanne.Johnson@example.com,
991,Tracey,Ryan,Tracey.Ryan@example.com,
992,Trinity,Kohler,Trinity.Kohler@example.com,
993,Ayla,Hickle,Ayla.Hickle@example.com,
994,Cristian,Hudson,Cristian.Hudson@example.com,
995,Ellis,Kohler,Ellis.Kohler@example.com,
996,Olaf,Waters,Olaf.Waters@example.com,
997,Cole,Sawayn,Cole.Sawayn@example.com,
998,Richard,Lubowitz,Richard.Lubowitz@example.com,
999,Darby,Abshire,Darby.Abshire@example.com,
1000,Randy,Wolf,Randy.Wolf@example.com,
